Row	Text	Distance	Fraction	LogMAR
0	CF	30cm	20/1500	1.8538719643
1	HM	30cm	20/4000	2.3010299957
2	LP	30cm
3	NLP	30cm